{
    "elevator" : "elevador",
    "time": "tempo",
    "people": "pessoas",
    "way": "caminho",
    "water": "água",
    "word": "palavra",
    "man": "homem",
    "work": "trabalho",
    "place": "lugar",
    "things": "coisas",
    "years": "anos",
    "number": "numero",
    "name": "nome",
    "home": "casa",
    "end": "fim",
    "world": "mundo",
    "school": "escola",
    "food": "comida",
    "children": "crianças",
    "feet": "pés",
    "animals": "animais",
    "life": "vida",
    "page": "página",
    "year": "ano"
}
    
